source,model,accuracy,f1,precision,recall,auc,training_time
news,distilroberta-base,0.9412859097127224,0.9696230598669622,0.9410644257703081,1.0,0.8179708530585723,67.544
news,distilbert-base-uncased,0.9366347469220248,0.9672721929847995,0.9366347469220248,1.0,0.8015408892601875,41.242000000000004
news,nreimers/MiniLM-L6-H384-uncased,0.9366347469220248,0.9672721929847995,0.9366347469220248,1.0,0.8478603917200409,32.45399999999999
news,google/electra-small-discriminator,0.9366347469220248,0.9672721929847995,0.9366347469220248,1.0,0.7868745938921378,35.60000000000001
news,huawei-noah/TinyBERT_General_4L_312D,0.9366347469220248,0.9672721929847995,0.9366347469220248,1.0,0.8539868188990996,21.812
reddit,distilroberta-base,0.6184476940382451,0.7130027937342256,0.6448153345765185,0.7983245644298775,0.6184587525640536,1622.3500000000001
reddit,distilbert-base-uncased,0.6143982002249719,0.7085494866872468,0.6448762952820463,0.7922481455925479,0.6109652547396969,1435.304
reddit,nreimers/MiniLM-L6-H384-uncased,0.6184476940382451,0.7112734556790229,0.6470739860503756,0.7933701339773446,0.6185862996778178,1150.8580000000002
reddit,google/electra-small-discriminator,0.6202474690663666,0.7103419107396898,0.6494825938704277,0.785056925996205,0.6172303773590447,963.3280000000001
reddit,huawei-noah/TinyBERT_General_4L_312D,0.6056242969628796,0.7040734977221765,0.6360925153092404,0.8032272439767695,0.6060941297699579,620.164
twitter,distilroberta-base,0.767837338262477,0.8048331922815051,0.777738053578598,0.837231443783276,0.8562965791865713,148.004
twitter,distilbert-base-uncased,0.7741219963031424,0.8083529544443124,0.788609836469575,0.833312454327174,0.8470092170118301,107.98799999999999
twitter,nreimers/MiniLM-L6-H384-uncased,0.7663585951940851,0.8041521621990894,0.7728931478892413,0.8391481365487004,0.8328084974283039,68.0
twitter,google/electra-small-discriminator,0.7600739371534195,0.7897911836560363,0.7943249241530518,0.788165779308905,0.837226610743726,114.31800000000001
twitter,huawei-noah/TinyBERT_General_4L_312D,0.755268022181146,0.8012525969232623,0.748936012649715,0.8630838292097295,0.8312228229918327,57.676
